1,Jaime,74367366
2,Jose Vicente,5243535
3,Juan,54325435
4,Javier,562435345
5,Jaime,74367366
6,Jose Vicente,5243535
7,Juan,54325435
8,Javier,562435345
9,Jaime,74367366
10,Jose Vicente,5243535
11,Juan,54325435
12,Javier,562435345
13,Jaime,74367366
14,Jose Vicente,5243535
15,Juan,54325435
16,Javier,562435345
17,Jaime,74367366
18,Jose Vicente,5243535
19,Juan,54325435
20,Javier,562435345
21,Jaime,74367366
22,Jose Vicente,5243535
23,Juan,54325435
24,Javier,562435345
25,Javier,562435345
26,Jose Juan,6346456,
27,Julia,56435654,
28,Juliana,52435345,
29,Jose,22222222
30,Josefa,523535,
30,a,a,
31,Jose,23,
32,a,a,
33,Jose,55,
34,Jaimito,777777,
35,Josefina,8888888888,
36,Javier,454545,
